Date,Product,Region,Customer_Type,Quantity,Price,Discount,Revenue
2024-05-06,T-shirts,North,Regular,70,181.5,0.24,9655.8
2024-07-04,Dresses,South,VIP,65,195.71,0.14,10940.19
2024-11-17,Dresses,North,Regular,6,189.52,0.03,1103.01
2024-06-05,T-shirts,South,VIP,79,149.36,0.29,8377.6
2024-06-01,Dresses,West,VIP,39,182.88,0.0,7132.32
2024-10-21,Accessories,West,VIP,28,126.85,0.19,2876.96
2024-01-09,Jeans,East,Regular,14,8.39,0.1,105.71
2024-05-02,Dresses,West,VIP,9,88.44,0.14,684.53
2024-03-04,Dresses,West,VIP,24,111.98,0.18,2203.77
2024-04-24,Jeans,North,Regular,40,108.29,0.22,3378.65
2024-03-30,Dresses,South,Regular,100,185.34,0.03,17977.98
2024-09-18,Jeans,East,VIP,13,50.0,0.01,643.5
2024-12-06,T-shirts,West,VIP,51,48.08,0.04,2354.0
2024-08-25,Accessories,South,Regular,99,162.18,0.05,15253.03
2024-06-15,Accessories,South,Regular,95,22.79,0.05,2056.8
2024-05-01,T-shirts,South,VIP,83,46.56,0.02,3787.19
2024-07-12,Accessories,West,VIP,49,135.65,0.27,4852.2
2024-06-16,Dresses,North,Regular,47,137.19,0.01,6383.45
2024-07-19,Dresses,North,VIP,21,131.43,0.25,2070.02
2024-11-25,Accessories,East,VIP,52,111.83,0.06,5466.25
2024-01-23,T-shirts,West,VIP,39,108.24,0.11,3757.01
2024-02-06,Accessories,South,Regular,4,138.7,0.12,488.22
2024-05-26,Dresses,South,VIP,55,171.6,0.21,7456.02
2024-10-26,Accessories,South,VIP,50,176.48,0.23,6794.48
2024-12-21,T-shirts,South,Regular,52,11.32,0.3,412.05
2024-06-05,Jeans,East,VIP,85,106.57,0.27,6612.67
2024-08-28,Dresses,South,VIP,71,147.54,0.26,7751.75
2024-08-11,Accessories,North,VIP,61,74.52,0.22,3545.66
2024-02-13,Accessories,West,Regular,29,129.05,0.26,2769.41
2024-08-24,Accessories,East,Regular,15,94.51,0.07,1318.41
2024-04-04,Dresses,South,VIP,94,21.14,0.04,1907.67
2024-10-14,Dresses,North,Regular,64,78.93,0.01,5001.0
2024-08-18,Accessories,South,Regular,44,154.16,0.16,5697.75
2024-02-04,Dresses,West,Regular,65,59.07,0.0,3839.55
2024-01-08,T-shirts,East,VIP,40,76.67,0.05,2913.46
2024-09-29,T-shirts,North,VIP,90,160.06,0.21,11380.27
2024-03-03,Dresses,South,Regular,26,194.03,0.03,4893.44
2024-03-19,Accessories,South,VIP,22,181.62,0.25,2996.73
2024-02-23,Accessories,East,VIP,15,171.84,0.11,2294.06
2024-06-02,T-shirts,East,Regular,33,110.28,0.2,2911.39
2024-05-19,T-shirts,East,VIP,32,188.2,0.05,5721.28
2024-02-29,T-shirts,East,Regular,49,107.83,0.05,5019.49
2024-09-17,Accessories,East,VIP,63,126.25,0.08,7317.45
2024-10-11,Dresses,North,VIP,100,181.15,0.03,17571.55
2024-06-23,T-shirts,East,VIP,46,117.26,0.26,3991.53
2024-05-30,Dresses,North,Regular,88,9.32,0.29,582.31
2024-12-26,Jeans,North,Regular,23,155.26,0.13,3106.75
2024-01-19,Accessories,East,VIP,34,187.19,0.23,4900.63
2024-06-21,T-shirts,West,VIP,93,95.53,0.04,8528.92
2024-11-25,Jeans,North,VIP,14,166.07,0.18,1906.48
2024-03-02,Jeans,South,VIP,6,59.66,0.29,254.15
2024-11-07,Accessories,East,VIP,47,104.73,0.2,3937.85
2024-06-12,Accessories,North,VIP,20,14.05,0.27,205.13
2024-06-13,Accessories,West,Regular,61,177.79,0.03,10519.83
2024-11-15,T-shirts,South,VIP,39,100.14,0.2,3124.37
2024-01-17,T-shirts,West,Regular,99,74.22,0.08,6759.96
2024-12-20,T-shirts,North,Regular,18,69.27,0.08,1147.11
2024-06-24,Jeans,West,Regular,99,190.17,0.09,17132.42
2024-12-13,Jeans,North,Regular,1,85.6,0.17,71.05
2024-05-31,Dresses,South,VIP,27,45.82,0.0,1237.14
2024-11-07,T-shirts,East,Regular,46,90.7,0.2,3337.76
2024-03-08,Jeans,South,VIP,87,17.43,0.22,1182.8
2024-09-24,Accessories,East,VIP,54,12.79,0.09,628.5
2024-08-23,Dresses,East,Regular,9,41.67,0.1,337.53
2024-08-05,Accessories,East,Regular,68,93.83,0.03,6189.03
2024-03-18,Dresses,South,Regular,25,182.5,0.06,4288.75
2024-10-13,Accessories,East,VIP,61,193.77,0.07,10992.57
2024-10-17,Jeans,North,VIP,8,120.78,0.04,927.59
2024-07-21,Dresses,East,Regular,88,53.24,0.14,4029.2
2024-07-19,T-shirts,North,VIP,41,133.1,0.12,4802.25
2024-11-06,Accessories,East,Regular,36,179.99,0.06,6090.86
2024-10-08,T-shirts,East,VIP,15,10.63,0.08,146.69
2024-10-18,Dresses,North,Regular,74,38.43,0.18,2331.93
2024-03-14,Jeans,North,Regular,17,110.62,0.06,1767.71
2024-01-10,Accessories,East,VIP,55,162.96,0.02,8783.54
2024-01-17,Accessories,East,Regular,56,105.23,0.16,4950.02
2024-05-15,Dresses,South,VIP,40,163.94,0.06,6164.14
2024-07-18,Accessories,West,VIP,8,70.81,0.23,436.19
2024-07-17,T-shirts,West,Regular,91,160.74,0.09,13310.88
2024-03-28,Accessories,North,Regular,34,7.87,0.02,262.23
2024-06-03,Jeans,East,VIP,39,199.87,0.01,7716.98
2024-01-27,Accessories,East,Regular,59,80.39,0.13,4126.42
2024-03-22,T-shirts,South,VIP,44,64.23,0.02,2769.6
2024-03-28,Dresses,East,Regular,93,199.04,0.15,15734.11
2024-11-22,T-shirts,South,Regular,57,182.78,0.16,8751.51
2024-12-12,Jeans,South,VIP,55,144.07,0.07,7369.18
2024-11-01,Accessories,East,Regular,19,97.7,0.07,1726.36
2024-04-20,Dresses,West,Regular,28,171.62,0.08,4420.93
2024-07-11,T-shirts,North,VIP,30,74.99,0.24,1709.77
2024-09-24,Jeans,East,VIP,40,81.86,0.29,2324.82
2024-03-22,T-shirts,North,VIP,33,155.78,0.24,3906.96
2024-05-08,Dresses,North,Regular,11,173.89,0.12,1683.26
2024-04-25,T-shirts,West,Regular,63,58.19,0.19,2969.44
2024-05-29,T-shirts,East,VIP,100,182.98,0.2,14638.4
2024-07-06,Jeans,West,Regular,95,96.35,0.09,8329.46
2024-04-11,Dresses,East,Regular,27,77.67,0.05,1992.24
2024-01-27,Accessories,North,Regular,64,105.83,0.07,6299.0
2024-03-12,Dresses,North,Regular,31,168.31,0.29,3704.5
2024-12-02,T-shirts,South,VIP,55,173.92,0.01,9469.94
2024-01-06,Accessories,West,Regular,55,58.74,0.17,2681.48
2024-04-14,T-shirts,South,Regular,35,193.66,0.15,5761.38
2024-08-16,Jeans,North,VIP,40,89.7,0.19,2906.28
2024-10-01,Accessories,West,VIP,91,6.63,0.13,524.9
2024-10-21,Accessories,North,Regular,55,104.65,0.25,4316.81
2024-10-01,Dresses,East,Regular,54,34.36,0.02,1818.33
2024-02-20,Dresses,North,VIP,93,128.4,0.23,9194.72
2024-08-09,Dresses,South,VIP,91,131.81,0.03,11634.87
2024-03-24,Dresses,East,Regular,44,50.39,0.1,1995.44
2024-09-24,Jeans,West,VIP,37,25.91,0.21,757.35
2024-11-28,T-shirts,West,Regular,58,26.05,0.27,1102.96
2024-06-27,Accessories,North,Regular,10,154.04,0.18,1263.13
2024-02-06,T-shirts,West,VIP,49,7.53,0.27,269.35
2024-07-07,Dresses,South,Regular,35,182.28,0.12,5614.22
2024-07-25,Accessories,North,Regular,69,84.63,0.13,5080.34
2024-04-18,T-shirts,West,Regular,48,139.13,0.27,4875.12
2024-07-30,Accessories,West,Regular,13,123.02,0.16,1343.38
2024-05-09,Dresses,South,VIP,13,78.53,0.14,877.97
2024-05-11,Accessories,East,VIP,97,147.6,0.13,12455.96
2024-06-25,T-shirts,North,VIP,2,24.92,0.22,38.88
2024-07-01,Dresses,West,Regular,19,26.98,0.15,435.73
2024-08-11,Accessories,North,VIP,73,63.93,0.16,3920.19
2024-06-23,T-shirts,East,VIP,77,156.57,0.18,9885.83
2024-02-03,Dresses,West,Regular,90,171.15,0.28,11090.52
2024-04-03,T-shirts,South,Regular,16,78.57,0.11,1118.84
2024-10-19,Jeans,West,VIP,16,29.78,0.25,357.36
2024-02-27,T-shirts,South,VIP,87,21.72,0.07,1757.37
2024-10-21,T-shirts,West,Regular,43,45.42,0.13,1699.16
2024-05-13,Accessories,South,Regular,79,153.21,0.16,10167.02
2024-12-12,Dresses,North,Regular,70,143.27,0.12,8825.43
2024-07-18,Dresses,East,VIP,38,31.99,0.22,948.18
2024-10-27,Accessories,North,VIP,60,29.98,0.17,1493.0
2024-03-18,T-shirts,East,Regular,55,184.14,0.01,10026.42
2024-02-16,Jeans,North,VIP,13,43.55,0.13,492.55
2024-01-26,Jeans,South,VIP,94,54.39,0.13,4448.01
2024-01-05,Accessories,East,VIP,45,20.54,0.24,702.47
2024-10-27,T-shirts,North,Regular,48,62.58,0.3,2102.69
2024-03-24,Accessories,North,Regular,50,131.36,0.2,5254.4
2024-04-06,Jeans,North,VIP,48,144.38,0.22,5405.59
2024-01-27,Dresses,West,VIP,30,166.6,0.1,4498.2
2024-06-15,Dresses,West,Regular,54,146.36,0.26,5848.55
2024-07-27,Dresses,South,VIP,95,166.97,0.27,11579.37
2024-01-12,Accessories,North,VIP,19,123.34,0.12,2062.24
2024-09-26,Dresses,South,Regular,36,172.03,0.27,4520.95
2024-08-25,Jeans,East,VIP,78,145.56,0.04,10899.53
2024-03-03,Accessories,West,VIP,43,84.28,0.07,3370.36
2024-12-05,Dresses,East,VIP,40,87.59,0.26,2592.66
2024-01-27,Accessories,East,VIP,54,144.24,0.12,6854.28
2024-09-16,Dresses,North,Regular,35,159.89,0.2,4476.92
2024-12-01,Jeans,South,Regular,80,146.49,0.13,10195.7
2024-02-05,Dresses,West,Regular,10,44.53,0.25,333.98
2024-09-26,T-shirts,South,Regular,48,74.19,0.19,2884.51
2024-06-17,Accessories,North,VIP,86,101.34,0.24,6623.58
2024-11-20,Dresses,East,Regular,31,126.13,0.05,3714.53
2024-12-16,Accessories,North,Regular,29,26.21,0.21,600.47
2024-10-11,Accessories,West,VIP,42,59.9,0.25,1886.85
2024-05-12,Dresses,South,VIP,79,82.17,0.04,6231.77
2024-09-26,Accessories,South,VIP,33,45.03,0.08,1367.11
2024-06-16,Dresses,East,VIP,52,148.08,0.19,6237.13
2024-01-28,Dresses,West,VIP,37,147.98,0.23,4215.95
2024-10-09,Jeans,South,Regular,34,7.5,0.07,237.15
2024-02-06,Dresses,North,VIP,31,191.96,0.2,4760.61
2024-04-20,Jeans,East,Regular,53,66.45,0.23,2711.82
2024-06-24,T-shirts,East,VIP,85,196.41,0.1,15025.36
2024-01-01,Accessories,South,Regular,30,181.43,0.19,4408.75
2024-02-01,Jeans,North,VIP,6,78.77,0.07,439.54
2024-04-20,Dresses,North,VIP,58,103.26,0.01,5929.19
2024-11-08,Jeans,West,VIP,39,68.18,0.03,2579.25
2024-12-02,Accessories,West,VIP,30,13.54,0.28,292.46
2024-07-11,Dresses,West,VIP,35,103.51,0.24,2753.37
2024-04-22,Accessories,South,Regular,54,128.92,0.06,6543.98
2024-06-20,T-shirts,West,Regular,8,128.26,0.15,872.17
2024-06-03,Accessories,East,Regular,16,195.65,0.14,2692.14
2024-12-10,Dresses,East,VIP,31,12.19,0.16,317.43
2024-11-05,Accessories,South,Regular,100,89.77,0.09,8169.07
2024-07-28,Accessories,East,Regular,75,39.59,0.2,2375.4
2024-10-30,Jeans,East,VIP,44,163.07,0.04,6888.08
2024-01-26,T-shirts,South,VIP,94,43.34,0.18,3340.65
2024-04-19,Dresses,West,VIP,92,50.71,0.11,4152.13
2024-06-10,Accessories,West,VIP,41,128.19,0.2,4204.63
2024-04-27,Jeans,South,VIP,73,48.56,0.04,3403.08
2024-04-16,Dresses,East,VIP,17,139.73,0.28,1710.3
2024-11-07,Accessories,West,Regular,82,36.9,0.01,2995.54
2024-05-14,Dresses,North,VIP,32,198.22,0.15,5391.58
2024-06-13,Jeans,South,Regular,48,180.01,0.16,7258.0
2024-04-30,T-shirts,East,Regular,58,31.67,0.14,1579.7
2024-01-01,T-shirts,East,Regular,100,111.71,0.12,9830.48
2024-02-17,Dresses,East,Regular,48,12.61,0.09,550.8
2024-09-22,Jeans,North,VIP,98,191.29,0.27,13684.89
2024-08-16,Accessories,East,Regular,85,157.96,0.09,12218.21
2024-03-02,Accessories,North,VIP,5,89.22,0.12,392.57
2024-07-24,Jeans,East,Regular,91,94.86,0.14,7423.74
2024-08-31,T-shirts,South,VIP,17,58.9,0.26,740.96
2024-08-17,T-shirts,West,VIP,26,130.31,0.12,2981.49
2024-09-02,T-shirts,East,VIP,42,23.33,0.23,754.49
2024-05-27,Dresses,East,VIP,10,171.78,0.29,1219.64
2024-06-14,Jeans,West,Regular,72,45.26,0.01,3226.13
2024-02-25,T-shirts,West,VIP,87,67.22,0.13,5087.88
2024-06-27,Jeans,West,Regular,53,116.58,0.28,4448.69
2024-10-04,Accessories,East,Regular,69,150.9,0.09,9475.01
2024-06-13,Accessories,North,Regular,71,23.26,0.11,1469.8
2024-06-16,Accessories,West,Regular,43,147.62,0.12,5585.94
2024-03-25,Dresses,North,VIP,29,144.6,0.16,3522.46
2024-09-21,Dresses,East,Regular,85,87.11,0.14,6367.74
2024-03-16,Dresses,West,VIP,96,114.5,0.1,9892.8
2024-12-02,Accessories,North,Regular,29,6.47,0.09,170.74
2024-06-25,T-shirts,North,Regular,94,199.31,0.29,13301.95
2024-08-21,Jeans,East,VIP,35,149.9,0.16,4407.06
2024-12-26,Jeans,North,Regular,39,160.74,0.07,5830.04
2024-01-18,Dresses,South,Regular,26,76.89,0.26,1479.36
2024-06-23,Dresses,North,VIP,41,45.67,0.08,1722.67
2024-05-10,Jeans,West,Regular,30,170.72,0.11,4558.22
2024-11-08,Jeans,East,VIP,70,92.22,0.18,5293.43
2024-02-25,Accessories,North,Regular,93,24.02,0.05,2122.17
2024-05-24,Dresses,West,Regular,64,181.53,0.03,11269.38
2024-11-08,T-shirts,North,VIP,84,145.87,0.17,10170.06
2024-02-28,Jeans,North,Regular,18,185.02,0.06,3130.54
2024-08-15,Accessories,East,VIP,14,22.37,0.26,231.75
2024-02-28,Jeans,West,VIP,59,195.67,0.12,10159.19
2024-03-10,Dresses,East,Regular,43,108.58,0.02,4575.56
2024-07-25,Dresses,East,VIP,88,85.34,0.1,6758.93
2024-11-10,Accessories,East,Regular,61,22.5,0.14,1180.35
2024-04-04,Jeans,West,VIP,49,148.71,0.09,6630.98
2024-11-14,T-shirts,East,VIP,27,134.87,0.21,2876.78
2024-07-18,Accessories,East,Regular,52,30.37,0.19,1279.18
2024-10-23,Dresses,South,Regular,5,171.04,0.0,855.2
2024-05-15,Jeans,East,VIP,56,63.23,0.03,3434.65
2024-07-03,Jeans,East,VIP,19,156.13,0.06,2788.48
2024-04-06,Jeans,East,VIP,26,116.61,0.15,2577.08
2024-05-10,Accessories,North,VIP,87,134.72,0.06,11017.4
2024-12-17,Jeans,East,VIP,83,46.1,0.27,2793.2
2024-09-21,Accessories,South,VIP,44,63.97,0.2,2251.74
2024-12-18,Jeans,South,Regular,53,168.05,0.08,8194.12
2024-07-29,T-shirts,West,VIP,4,29.08,0.28,83.75
2024-08-20,T-shirts,East,Regular,28,115.55,0.09,2944.21
2024-01-31,T-shirts,South,Regular,21,15.22,0.26,236.52
2024-12-07,Jeans,North,Regular,56,136.31,0.01,7557.03
2024-09-18,T-shirts,South,Regular,73,143.71,0.04,10071.2
2024-01-02,T-shirts,East,VIP,89,19.78,0.1,1584.38
2024-06-11,T-shirts,East,VIP,3,99.75,0.09,272.32
2024-05-19,Accessories,East,VIP,30,184.04,0.05,5245.14
2024-08-16,Dresses,East,Regular,79,100.72,0.09,7240.76
2024-05-03,Dresses,West,VIP,9,111.81,0.02,986.16
2024-03-11,Accessories,North,VIP,99,50.03,0.01,4903.44
2024-10-17,Dresses,South,Regular,34,38.37,0.07,1213.26
2024-01-03,T-shirts,East,VIP,91,177.68,0.1,14551.99
2024-08-26,T-shirts,West,VIP,1,78.01,0.07,72.55
2024-07-21,T-shirts,North,VIP,31,49.84,0.17,1282.38
2024-12-09,T-shirts,North,Regular,37,61.66,0.1,2053.28
2024-09-29,Jeans,South,Regular,30,40.75,0.04,1173.6
2024-04-08,T-shirts,West,VIP,25,88.22,0.08,2029.06
2024-05-27,Accessories,West,VIP,74,108.64,0.12,7074.64
2024-01-08,T-shirts,North,VIP,21,68.91,0.2,1157.69
2024-04-27,Jeans,West,Regular,28,68.1,0.27,1391.96
2024-12-26,T-shirts,South,VIP,52,83.19,0.28,3114.63
2024-08-14,T-shirts,North,VIP,14,105.93,0.09,1349.55
2024-03-17,Accessories,West,VIP,52,124.26,0.21,5104.6
2024-04-12,Jeans,East,Regular,10,153.07,0.21,1209.25
2024-01-13,T-shirts,North,VIP,43,83.25,0.05,3400.76
2024-10-09,Dresses,East,Regular,85,92.48,0.2,6288.64
2024-06-27,Accessories,South,VIP,95,155.81,0.0,14801.95
2024-11-15,Dresses,West,Regular,77,170.13,0.24,9956.01
2024-10-24,T-shirts,West,Regular,38,18.06,0.1,617.65
2024-10-11,T-shirts,North,VIP,25,121.92,0.05,2895.6
2024-03-09,T-shirts,North,VIP,66,185.6,0.23,9432.19
2024-01-14,Dresses,South,Regular,80,7.59,0.15,516.12
2024-10-03,T-shirts,North,VIP,5,192.88,0.18,790.81
2024-12-19,Jeans,South,Regular,58,141.27,0.18,6718.8
2024-03-05,T-shirts,South,Regular,83,96.55,0.26,5930.1
2024-04-23,Dresses,North,Regular,48,191.26,0.13,7987.02
2024-10-30,Accessories,North,Regular,35,50.41,0.27,1287.98
2024-03-14,Dresses,West,VIP,17,45.29,0.16,646.74
2024-03-17,Accessories,East,Regular,3,95.0,0.21,225.15
2024-06-26,Accessories,North,VIP,9,164.38,0.14,1272.3
2024-05-13,Dresses,North,VIP,70,62.63,0.03,4252.58
2024-09-07,Dresses,West,VIP,43,18.66,0.22,625.86
2024-05-16,Dresses,West,VIP,97,143.96,0.1,12567.71
2024-11-29,Dresses,North,VIP,75,105.17,0.28,5679.18
2024-07-14,Dresses,East,VIP,19,97.91,0.17,1544.04
2024-06-12,T-shirts,South,VIP,90,19.6,0.01,1746.36
2024-01-25,Dresses,North,VIP,81,37.8,0.16,2571.91
2024-03-19,Jeans,South,VIP,53,81.38,0.14,3709.3
2024-03-02,T-shirts,East,Regular,14,120.01,0.03,1629.74
2024-11-17,Dresses,South,VIP,62,187.74,0.05,11057.89
2024-08-25,T-shirts,East,Regular,19,71.15,0.22,1054.44
2024-06-19,T-shirts,East,VIP,85,92.46,0.17,6523.05
2024-03-01,Dresses,West,VIP,61,83.18,0.25,3805.49
2024-04-19,Dresses,West,VIP,93,29.05,0.14,2323.42
2024-03-04,Accessories,South,Regular,58,59.81,0.02,3399.6
2024-03-06,Accessories,West,Regular,31,27.96,0.19,702.08
2024-07-23,T-shirts,West,VIP,30,10.63,0.27,232.8
2024-07-20,Dresses,West,Regular,46,198.21,0.09,8297.07
2024-03-15,T-shirts,South,Regular,17,71.86,0.29,867.35
2024-06-16,T-shirts,East,Regular,72,166.25,0.08,11012.4
2024-11-28,Accessories,North,VIP,65,93.4,0.0,6071.0
2024-11-23,Accessories,North,Regular,62,10.63,0.14,566.79
2024-06-10,Dresses,East,Regular,27,115.04,0.19,2515.92
2024-11-23,Accessories,East,VIP,85,105.57,0.29,6371.15
2024-02-11,T-shirts,North,Regular,100,42.06,0.02,4121.88
2024-10-27,Accessories,East,VIP,42,160.29,0.01,6664.86
2024-08-15,Jeans,South,Regular,60,41.67,0.11,2225.18
2024-12-30,Accessories,East,VIP,57,115.15,0.04,6301.01
2024-10-24,Dresses,East,VIP,31,38.04,0.17,978.77
2024-06-16,Dresses,North,VIP,77,110.22,0.12,7468.51
2024-05-31,Jeans,East,Regular,2,111.92,0.1,201.46
2024-12-28,Jeans,North,Regular,93,35.33,0.29,2332.84
2024-11-08,Dresses,North,Regular,29,55.64,0.23,1242.44
2024-01-16,Dresses,West,VIP,81,17.16,0.1,1250.96
2024-04-25,Dresses,East,Regular,37,30.23,0.0,1118.51
2024-04-04,Jeans,North,Regular,22,162.22,0.1,3211.96
2024-05-30,Jeans,South,VIP,34,63.96,0.28,1565.74
2024-10-17,Dresses,West,Regular,63,104.4,0.13,5722.16
2024-11-24,Accessories,West,Regular,97,96.56,0.15,7961.37
2024-12-09,Accessories,West,Regular,43,131.92,0.17,4708.22
2024-05-30,T-shirts,South,Regular,93,63.6,0.15,5027.58
2024-11-16,Dresses,South,Regular,43,167.64,0.25,5406.39
2024-10-25,Jeans,North,VIP,100,127.65,0.23,9829.05
2024-06-02,T-shirts,West,VIP,3,138.41,0.02,406.93
2024-04-08,Accessories,North,Regular,75,97.69,0.06,6887.14
2024-10-10,Accessories,West,Regular,89,157.25,0.11,12455.77
2024-02-25,Accessories,South,Regular,46,130.63,0.1,5408.08
2024-04-29,Dresses,South,VIP,86,173.99,0.14,12868.3
2024-01-15,Accessories,East,VIP,13,166.19,0.08,1987.63
2024-07-29,Accessories,East,Regular,57,167.74,0.2,7648.94
2024-11-05,Accessories,North,Regular,63,81.63,0.11,4576.99
2024-10-27,Dresses,East,Regular,72,19.82,0.19,1155.9
2024-10-11,Accessories,East,VIP,4,32.82,0.2,105.02
2024-09-01,Jeans,West,Regular,52,33.88,0.11,1567.97
2024-08-26,Dresses,North,Regular,63,99.29,0.03,6067.61
2024-11-08,Dresses,North,Regular,7,21.17,0.18,121.52
2024-05-03,Accessories,West,VIP,61,111.88,0.25,5118.51
2024-04-23,Jeans,West,Regular,26,89.23,0.21,1832.78
2024-08-26,Accessories,West,VIP,69,139.63,0.05,9152.75
2024-02-28,Jeans,North,Regular,79,67.59,0.09,4859.05
2024-07-05,Accessories,South,Regular,83,129.51,0.28,7739.52
2024-10-22,Jeans,South,VIP,49,132.87,0.21,5143.4
2024-06-20,Dresses,North,VIP,32,39.92,0.11,1136.92
2024-12-15,Jeans,North,Regular,47,97.23,0.2,3655.85
2024-01-09,Accessories,West,Regular,57,164.15,0.13,8140.2
2024-12-06,T-shirts,South,Regular,29,185.16,0.16,4510.5
2024-12-08,Dresses,East,VIP,73,120.67,0.22,6870.95
2024-07-21,T-shirts,North,Regular,19,147.5,0.1,2522.25
2024-10-29,T-shirts,North,Regular,18,25.44,0.16,384.65
2024-05-08,Jeans,South,VIP,45,74.96,0.03,3272.0
2024-06-30,T-shirts,South,Regular,13,165.3,0.13,1869.54
2024-11-30,T-shirts,North,VIP,1,105.47,0.02,103.36
2024-10-03,T-shirts,West,Regular,2,29.06,0.25,43.59
2024-07-12,Jeans,East,VIP,40,123.64,0.05,4698.32
2024-05-24,Accessories,West,Regular,52,175.83,0.27,6674.51
2024-11-05,Accessories,South,VIP,74,127.04,0.18,7708.79
2024-12-08,Accessories,East,Regular,50,132.62,0.3,4641.7
2024-03-01,Jeans,South,Regular,22,164.91,0.07,3374.06
2024-09-11,Accessories,East,VIP,60,58.5,0.11,3123.9
2024-09-01,Accessories,South,Regular,62,171.38,0.08,9775.52
2024-01-26,Jeans,West,Regular,12,174.77,0.16,1761.68
2024-01-27,T-shirts,East,Regular,80,66.42,0.0,5313.6
2024-01-20,Dresses,East,VIP,19,6.11,0.07,107.96
2024-08-11,Accessories,East,VIP,42,22.99,0.21,762.81
2024-09-08,T-shirts,West,VIP,83,77.46,0.03,6236.3
2024-10-25,Jeans,North,VIP,67,32.71,0.0,2191.57
2024-03-05,T-shirts,East,VIP,55,132.63,0.08,6711.08
2024-02-20,T-shirts,East,Regular,27,68.89,0.2,1488.02
2024-04-17,Accessories,North,Regular,53,120.14,0.15,5412.31
2024-04-01,T-shirts,West,Regular,39,189.8,0.25,5551.65
2024-07-19,Accessories,West,Regular,33,12.18,0.12,353.71
2024-09-05,Jeans,East,Regular,25,94.58,0.04,2269.92
2024-06-21,T-shirts,East,Regular,17,102.22,0.05,1650.85
2024-11-25,Dresses,West,Regular,98,33.0,0.16,2716.56
2024-07-25,Dresses,West,Regular,9,90.9,0.04,785.38
2024-06-02,Dresses,North,VIP,49,108.32,0.11,4723.84
2024-01-27,Dresses,East,VIP,100,46.36,0.07,4311.48
2024-09-03,Jeans,West,VIP,42,8.73,0.11,326.33
2024-09-14,Dresses,South,VIP,70,69.9,0.15,4159.05
2024-03-01,Accessories,East,VIP,54,122.07,0.15,5603.01
2024-07-24,T-shirts,West,Regular,21,170.28,0.05,3397.09
2024-10-11,Dresses,North,VIP,43,57.31,0.04,2365.76
2024-04-04,Jeans,West,VIP,35,139.51,0.04,4687.54
2024-11-01,Dresses,South,Regular,97,181.12,0.05,16690.21
2024-08-22,Jeans,West,Regular,82,170.83,0.02,13727.9
2024-11-05,Jeans,West,Regular,67,25.43,0.07,1584.54
2024-02-01,T-shirts,West,VIP,41,106.6,0.25,3277.95
2024-03-28,Jeans,West,VIP,58,73.43,0.2,3407.15
2024-05-16,Accessories,North,VIP,97,124.46,0.27,8813.01
2024-11-16,Dresses,West,Regular,8,65.65,0.17,435.92
2024-07-27,T-shirts,West,Regular,97,88.39,0.21,6773.33
2024-05-11,Dresses,South,VIP,35,179.09,0.28,4513.07
2024-09-27,Accessories,North,Regular,20,61.22,0.22,955.03
2024-03-20,Dresses,East,Regular,34,158.38,0.19,4361.79
2024-10-22,Jeans,South,VIP,45,54.61,0.28,1769.36
2024-02-17,T-shirts,East,Regular,57,89.31,0.28,3665.28
2024-12-07,T-shirts,North,VIP,89,89.39,0.15,6762.35
2024-08-21,Dresses,South,VIP,45,69.55,0.02,3067.16
2024-11-25,Accessories,West,VIP,30,142.85,0.12,3771.24
2024-07-25,Accessories,West,VIP,28,55.54,0.02,1524.02
2024-04-07,T-shirts,North,Regular,42,74.9,0.21,2485.18
2024-02-17,Jeans,East,Regular,67,34.93,0.11,2082.88
2024-10-05,Jeans,North,Regular,70,60.24,0.06,3963.79
2024-01-05,Dresses,South,VIP,39,16.45,0.26,474.75
2024-12-05,Dresses,East,VIP,16,167.62,0.12,2360.09
2024-06-07,Jeans,South,VIP,56,105.76,0.11,5271.08
2024-11-24,Accessories,West,VIP,79,163.47,0.04,12397.56
2024-09-22,Accessories,North,VIP,98,157.22,0.2,12326.05
2024-11-12,Accessories,North,VIP,21,106.59,0.27,1634.02
2024-03-15,Dresses,North,Regular,86,99.61,0.08,7881.14
2024-11-11,T-shirts,East,VIP,44,156.65,0.05,6547.97
2024-09-01,Accessories,East,VIP,76,158.48,0.14,10358.25
2024-05-07,Dresses,South,Regular,30,67.42,0.12,1779.89
2024-09-11,Dresses,West,Regular,28,153.96,0.1,3879.79
2024-01-13,Dresses,West,VIP,89,86.13,0.03,7435.6
2024-09-15,Dresses,West,Regular,95,47.17,0.01,4436.34
2024-11-29,Jeans,North,Regular,66,196.91,0.15,11046.65
2024-03-04,Accessories,North,Regular,17,158.88,0.29,1917.68
2024-06-21,Dresses,West,Regular,75,150.11,0.16,9456.93
2024-05-04,Jeans,West,VIP,6,8.36,0.23,38.62
2024-04-27,Accessories,South,VIP,50,85.25,0.19,3452.62
2024-07-09,Accessories,South,VIP,73,136.56,0.3,6978.22
2024-12-27,T-shirts,East,VIP,55,119.93,0.09,6002.5
2024-05-10,Accessories,North,Regular,100,52.81,0.27,3855.13
2024-07-31,Accessories,South,VIP,68,191.3,0.28,9366.05
2024-05-06,Dresses,South,Regular,1,124.22,0.17,103.1
2024-07-14,Jeans,South,Regular,39,170.4,0.28,4784.83
2024-06-03,Dresses,East,VIP,38,145.55,0.27,4037.56
2024-04-09,Jeans,North,Regular,70,129.43,0.07,8425.89
2024-04-30,Jeans,South,VIP,59,111.85,0.23,5081.35
2024-02-02,Dresses,East,Regular,20,199.61,0.07,3712.75
2024-12-26,T-shirts,West,VIP,21,17.31,0.2,290.81
2024-09-05,T-shirts,West,Regular,80,187.7,0.22,11712.48
2024-01-27,Dresses,North,VIP,61,155.11,0.17,7853.22
2024-09-25,Jeans,North,Regular,82,9.25,0.17,629.55
2024-08-23,T-shirts,West,Regular,49,151.51,0.1,6681.59
2024-08-11,T-shirts,North,VIP,96,151.49,0.02,14252.18
2024-08-19,Dresses,East,VIP,64,190.58,0.24,9269.81
2024-08-26,Accessories,East,Regular,7,187.02,0.13,1138.95
2024-10-12,T-shirts,West,Regular,48,7.61,0.28,263.0
2024-06-14,T-shirts,West,VIP,11,116.87,0.27,938.47
2024-04-19,T-shirts,South,Regular,22,43.63,0.02,940.66
2024-08-18,T-shirts,West,VIP,99,96.76,0.25,7184.43
2024-06-20,T-shirts,South,VIP,24,50.48,0.16,1017.68
2024-11-08,T-shirts,South,VIP,54,52.14,0.21,2224.29
2024-11-06,Accessories,North,VIP,40,69.11,0.23,2128.59
2024-05-05,T-shirts,East,Regular,86,152.66,0.23,10109.15
2024-11-30,Jeans,North,Regular,27,94.55,0.24,1940.17
2024-07-13,Dresses,North,Regular,36,120.62,0.19,3517.28
2024-08-27,T-shirts,South,VIP,73,81.12,0.2,4737.41
2024-07-07,Accessories,East,VIP,85,134.39,0.11,10166.6
2024-07-26,Jeans,South,Regular,12,192.37,0.17,1916.01
2024-11-22,Accessories,North,VIP,3,105.56,0.08,291.35
2024-08-25,Accessories,North,Regular,22,129.15,0.09,2585.58
2024-06-26,Jeans,West,Regular,39,52.58,0.17,1702.01
2024-07-01,Accessories,South,Regular,82,103.2,0.07,7870.03
2024-12-29,T-shirts,South,VIP,29,44.41,0.09,1171.98
2024-06-12,T-shirts,South,Regular,12,29.63,0.14,305.78
2024-02-09,Accessories,North,Regular,80,19.72,0.25,1183.2
2024-12-20,Jeans,West,VIP,11,31.03,0.17,283.3
2024-07-16,Dresses,West,Regular,53,149.34,0.17,6569.47
2024-12-11,T-shirts,South,Regular,14,75.72,0.06,996.48
2024-12-18,Accessories,West,VIP,78,37.55,0.19,2372.41
2024-03-16,Accessories,South,VIP,83,164.14,0.24,10353.95
2024-02-06,Dresses,South,Regular,23,53.48,0.18,1008.63
2024-03-09,Jeans,East,Regular,74,6.07,0.29,318.92
2024-10-30,Jeans,North,VIP,85,67.39,0.15,4868.93
2024-07-01,Dresses,North,Regular,66,93.77,0.11,5508.05
2024-11-04,Dresses,North,Regular,37,144.53,0.03,5187.18
2024-06-29,Dresses,South,VIP,62,77.2,0.18,3924.85
2024-05-04,T-shirts,North,VIP,24,34.76,0.1,750.82
2024-01-25,Dresses,West,VIP,56,166.05,0.18,7625.02
2024-09-08,T-shirts,East,VIP,16,197.19,0.08,2902.64
2024-12-24,Jeans,North,Regular,62,63.53,0.01,3899.47
2024-04-13,Dresses,South,Regular,94,25.23,0.13,2063.31
2024-07-04,Jeans,South,Regular,33,153.51,0.24,3850.03
2024-06-27,Jeans,North,VIP,34,122.43,0.23,3205.22
2024-08-27,Accessories,South,VIP,92,83.4,0.03,7442.62
2024-01-19,Accessories,North,Regular,11,99.4,0.01,1082.47
2024-10-20,Accessories,South,VIP,92,123.6,0.15,9665.52
2024-02-08,T-shirts,North,VIP,90,184.76,0.18,13635.29
2024-08-27,Accessories,East,VIP,41,118.06,0.0,4840.46
2024-11-26,Dresses,South,VIP,24,136.91,0.28,2365.8
2024-03-20,Jeans,North,Regular,67,7.81,0.13,455.24
2024-10-14,Jeans,South,VIP,72,134.73,0.01,9603.55
2024-02-25,Accessories,South,Regular,21,142.54,0.05,2843.67
2024-09-02,Jeans,North,VIP,27,119.83,0.03,3138.35
2024-04-06,Jeans,East,Regular,22,160.75,0.12,3112.12
2024-07-18,Jeans,West,Regular,86,145.58,0.12,11017.49
2024-04-02,Jeans,West,Regular,49,76.46,0.02,3671.61
2024-02-14,T-shirts,West,Regular,18,18.64,0.17,278.48
2024-07-14,Accessories,North,VIP,63,173.33,0.02,10701.39
2024-10-27,Accessories,South,VIP,7,49.68,0.01,344.28
2024-09-19,Jeans,North,Regular,97,56.81,0.01,5455.46
2024-04-19,Jeans,East,VIP,61,68.49,0.03,4052.55
2024-05-05,T-shirts,North,VIP,18,73.63,0.29,940.99
2024-04-26,Accessories,West,VIP,51,36.99,0.1,1697.84
2024-12-20,T-shirts,East,Regular,27,56.25,0.29,1078.31
2024-10-01,Accessories,South,Regular,52,196.39,0.16,8578.32
2024-04-15,Jeans,West,VIP,23,118.91,0.2,2187.94
2024-08-19,Accessories,East,VIP,31,33.55,0.25,780.04
2024-01-08,T-shirts,West,VIP,91,26.83,0.21,1928.81
2024-04-15,Accessories,North,VIP,74,100.25,0.02,7270.13
2024-04-28,Jeans,South,Regular,63,197.74,0.0,12457.62
2024-12-04,Dresses,West,VIP,32,126.97,0.09,3697.37
2024-01-09,T-shirts,East,VIP,49,142.84,0.18,5739.31
2024-04-28,Dresses,South,Regular,86,11.22,0.03,935.97
2024-11-16,T-shirts,South,Regular,19,7.79,0.22,115.45
2024-11-01,Accessories,North,VIP,79,197.04,0.03,15099.18
2024-07-30,Accessories,West,Regular,97,132.3,0.06,12063.11
2024-09-27,Dresses,East,VIP,97,116.71,0.02,11094.45
2024-06-13,Dresses,South,Regular,25,112.93,0.23,2173.9
2024-12-17,T-shirts,North,VIP,86,69.9,0.26,4448.44
2024-11-21,T-shirts,North,Regular,18,110.3,0.07,1846.42
2024-07-17,T-shirts,West,VIP,71,56.14,0.04,3826.5
2024-02-02,Accessories,South,VIP,39,72.85,0.18,2329.74
2024-06-27,Dresses,North,Regular,58,172.42,0.25,7500.27
2024-12-19,Dresses,East,VIP,54,89.74,0.23,3731.39
2024-01-24,Accessories,West,Regular,35,66.73,0.12,2055.28
2024-09-14,Jeans,North,VIP,88,81.75,0.06,6762.36
2024-07-17,Jeans,West,Regular,71,19.73,0.08,1288.76
2024-04-25,Accessories,East,VIP,5,116.71,0.15,496.02
2024-05-18,Dresses,North,VIP,21,25.54,0.08,493.43
2024-11-08,Dresses,West,VIP,86,96.55,0.29,5895.34
2024-02-07,T-shirts,East,VIP,52,126.4,0.08,6046.98
2024-02-21,Accessories,West,VIP,93,83.84,0.18,6393.64
2024-10-24,Dresses,East,Regular,8,31.44,0.2,201.22
2024-01-19,T-shirts,North,Regular,54,165.22,0.0,8921.88
2024-09-12,Dresses,East,Regular,83,166.97,0.28,9978.13
2024-03-08,Accessories,North,VIP,61,117.05,0.13,6211.84
2024-05-04,Dresses,South,VIP,54,144.78,0.17,6489.04
2024-02-15,T-shirts,North,Regular,12,138.39,0.09,1511.22
2024-04-20,Jeans,South,VIP,22,111.19,0.06,2299.41
2024-08-05,Jeans,South,VIP,11,111.92,0.16,1034.14
2024-04-13,Dresses,West,VIP,31,47.45,0.12,1294.44
2024-08-28,T-shirts,West,Regular,37,112.73,0.07,3879.04
2024-05-21,Accessories,West,VIP,76,71.87,0.06,5134.39
2024-05-02,Dresses,North,Regular,72,59.31,0.25,3202.74
2024-08-07,T-shirts,North,VIP,96,65.61,0.02,6172.59
2024-11-21,Dresses,North,Regular,82,182.41,0.24,11367.79
2024-12-13,T-shirts,East,VIP,77,87.42,0.1,6058.21
2024-06-24,Dresses,North,VIP,79,141.16,0.26,8252.21
2024-04-16,T-shirts,West,VIP,61,97.95,0.14,5138.46
2024-09-22,Accessories,South,VIP,82,91.11,0.17,6200.95
2024-02-20,Dresses,East,VIP,60,191.75,0.07,10699.65
2024-03-08,Jeans,West,VIP,23,76.4,0.01,1739.63
2024-10-11,Accessories,South,Regular,79,46.8,0.12,3253.54
2024-12-08,T-shirts,South,VIP,95,5.96,0.06,532.23
2024-04-23,Dresses,North,Regular,4,121.2,0.13,421.78
2024-09-02,Accessories,South,Regular,66,113.91,0.13,6540.71
2024-02-12,Accessories,South,Regular,99,145.35,0.3,10072.75
2024-11-02,T-shirts,West,Regular,83,36.67,0.07,2830.56
2024-12-31,Accessories,South,Regular,34,97.37,0.02,3244.37
2024-07-22,Dresses,West,Regular,25,57.14,0.12,1257.08
2024-02-22,Jeans,East,Regular,99,176.9,0.23,13485.09
2024-12-02,T-shirts,West,VIP,80,186.7,0.12,13143.68
2024-09-14,Accessories,East,VIP,56,14.61,0.21,646.35
2024-03-18,T-shirts,North,VIP,96,99.92,0.28,6906.47
2024-06-30,T-shirts,East,VIP,84,117.88,0.13,8614.67
2024-06-17,Dresses,North,Regular,87,81.46,0.08,6520.06
2024-06-09,Dresses,South,VIP,15,17.19,0.04,247.54
2024-05-25,Dresses,East,VIP,50,133.95,0.09,6094.72
2024-10-10,T-shirts,West,VIP,86,178.81,0.09,13993.67
2024-04-28,Accessories,East,VIP,16,172.48,0.28,1986.97
2024-09-13,Dresses,South,Regular,90,57.4,0.2,4132.8
2024-05-29,T-shirts,West,Regular,39,114.02,0.17,3690.83
2024-09-09,Accessories,North,Regular,86,65.19,0.08,5157.83
2024-07-23,Dresses,East,VIP,100,70.25,0.27,5128.25
2024-05-20,Jeans,South,Regular,27,95.9,0.03,2511.62
2024-08-30,T-shirts,South,VIP,9,98.37,0.08,814.5
2024-03-16,Jeans,North,Regular,71,115.71,0.15,6983.1
2024-02-28,T-shirts,East,Regular,37,40.56,0.22,1170.56
2024-10-02,Dresses,South,Regular,4,80.2,0.24,243.81
2024-02-09,Accessories,West,VIP,50,57.94,0.08,2665.24
2024-08-30,Jeans,North,Regular,84,59.84,0.08,4624.44
2024-11-27,T-shirts,North,VIP,56,71.95,0.07,3747.16
2024-11-04,T-shirts,North,VIP,80,146.9,0.19,9519.12
2024-06-14,Dresses,South,Regular,52,45.73,0.05,2259.06
2024-07-06,Accessories,East,Regular,66,47.86,0.07,2937.65
2024-09-03,T-shirts,North,VIP,93,83.92,0.1,7024.1
2024-07-28,Jeans,West,Regular,40,177.21,0.08,6521.33
2024-02-14,T-shirts,West,VIP,27,23.23,0.29,445.32
2024-07-13,Jeans,East,Regular,76,90.96,0.3,4839.07
2024-10-29,Accessories,West,VIP,62,194.34,0.05,11446.63
2024-11-12,T-shirts,West,Regular,23,77.9,0.25,1343.78
2024-09-03,Jeans,North,VIP,68,62.94,0.27,3124.34
2024-12-28,Accessories,West,Regular,95,50.16,0.21,3764.51
2024-01-25,Accessories,East,Regular,60,66.31,0.16,3342.02
2024-01-22,Accessories,East,Regular,97,21.37,0.11,1844.87
2024-05-05,Accessories,North,Regular,95,112.17,0.03,10336.47
2024-12-06,T-shirts,East,VIP,68,184.78,0.2,10052.03
2024-09-08,Accessories,South,VIP,77,125.11,0.11,8573.79
2024-12-05,Dresses,East,Regular,85,96.59,0.12,7224.93
2024-10-03,T-shirts,East,VIP,7,185.9,0.26,962.96
2024-05-24,Dresses,North,VIP,64,84.75,0.07,5044.32
2024-08-09,Dresses,West,VIP,67,147.5,0.26,7313.05
2024-11-23,Accessories,West,VIP,85,25.37,0.02,2113.32
2024-02-18,Dresses,East,Regular,76,7.75,0.08,541.88
2024-07-19,T-shirts,West,VIP,81,69.69,0.26,4177.22
2024-02-12,T-shirts,South,Regular,69,66.43,0.06,4308.65
2024-09-13,T-shirts,South,Regular,95,103.91,0.04,9476.59
2024-01-24,Accessories,East,VIP,49,55.49,0.14,2338.35
2024-01-04,Jeans,North,Regular,11,55.93,0.12,541.4
2024-12-11,Dresses,South,VIP,47,70.2,0.18,2705.51
2024-09-19,T-shirts,West,VIP,31,25.68,0.03,772.2
2024-01-07,Accessories,North,Regular,97,60.54,0.02,5754.93
2024-08-12,Dresses,West,Regular,84,129.49,0.14,9354.36
2024-08-05,Jeans,West,Regular,55,91.31,0.15,4268.74
2024-04-28,Accessories,East,Regular,60,64.93,0.14,3350.39
2024-04-23,T-shirts,East,VIP,10,20.99,0.23,161.62
2024-11-05,T-shirts,North,Regular,94,159.53,0.1,13496.24
2024-08-25,T-shirts,North,VIP,77,161.86,0.25,9347.42
2024-06-27,Dresses,West,VIP,54,88.39,0.28,3436.6
2024-03-23,Jeans,East,VIP,100,106.88,0.09,9726.08
2024-02-05,Accessories,North,Regular,59,77.71,0.13,3988.85
2024-03-17,Dresses,West,VIP,66,63.14,0.18,3417.14
2024-04-19,Jeans,East,VIP,27,125.01,0.1,3037.74
2024-09-06,T-shirts,South,Regular,27,76.23,0.2,1646.57
2024-07-12,Dresses,West,Regular,18,152.89,0.26,2036.49
2024-08-19,Dresses,South,Regular,80,77.81,0.06,5851.31
2024-11-12,Accessories,North,Regular,67,102.75,0.18,5645.08
2024-01-28,T-shirts,South,Regular,96,18.47,0.23,1365.3
2024-03-27,Accessories,South,VIP,67,51.76,0.0,3467.92
2024-04-27,T-shirts,South,VIP,58,43.13,0.19,2026.25
2024-04-14,Jeans,East,Regular,93,134.44,0.07,11627.72
2024-02-06,Accessories,North,Regular,20,111.36,0.13,1937.66
2024-05-23,T-shirts,South,Regular,67,74.26,0.01,4925.67
2024-02-06,T-shirts,South,Regular,67,178.51,0.03,11601.36
2024-07-10,T-shirts,North,Regular,31,99.22,0.17,2552.93
2024-04-14,Jeans,South,VIP,46,83.47,0.12,3378.87
2024-05-18,Jeans,South,Regular,11,61.83,0.05,646.12
2024-12-29,Accessories,South,VIP,96,49.23,0.04,4537.04
2024-08-31,Dresses,South,VIP,12,95.79,0.05,1092.01
2024-07-22,T-shirts,North,Regular,88,54.69,0.14,4138.94
2024-04-04,T-shirts,South,VIP,59,172.65,0.13,8862.12
2024-07-22,Accessories,East,Regular,15,69.92,0.09,954.41
2024-04-24,Jeans,West,VIP,95,27.06,0.16,2159.39
2024-09-03,T-shirts,West,Regular,63,90.73,0.18,4687.11
2024-02-04,Accessories,South,Regular,71,16.77,0.23,916.82
2024-08-14,T-shirts,North,Regular,46,119.72,0.1,4956.41
2024-05-28,T-shirts,East,Regular,90,34.04,0.13,2665.33
2024-05-09,Jeans,West,VIP,76,162.86,0.29,8787.93
2024-12-22,Dresses,East,VIP,32,170.85,0.18,4483.1
2024-06-19,Dresses,West,Regular,62,173.92,0.21,8518.6
2024-08-21,Jeans,North,Regular,35,104.26,0.04,3503.14
2024-10-19,T-shirts,East,VIP,16,106.34,0.12,1497.27
2024-05-02,T-shirts,East,Regular,10,64.72,0.1,582.48
2024-12-03,Accessories,South,VIP,37,107.04,0.01,3920.88
2024-04-17,T-shirts,South,VIP,5,174.77,0.19,707.82
2024-05-22,Accessories,East,VIP,57,199.2,0.18,9310.61
2024-05-06,Dresses,East,Regular,33,154.27,0.1,4581.82
2024-03-21,Dresses,North,VIP,15,44.33,0.3,465.46
2024-01-18,Dresses,South,VIP,26,22.79,0.29,420.7
2024-05-21,T-shirts,West,VIP,89,151.85,0.13,11757.75
2024-12-21,Dresses,West,VIP,76,194.61,0.14,12719.71
2024-03-28,Jeans,South,Regular,29,51.87,0.06,1413.98
2024-06-12,Accessories,West,Regular,1,111.71,0.15,94.95
2024-08-06,Accessories,West,Regular,10,142.12,0.27,1037.48
2024-05-18,Dresses,South,VIP,58,156.77,0.22,7092.27
2024-01-14,T-shirts,East,VIP,44,112.15,0.03,4786.56
2024-10-20,Accessories,East,VIP,43,115.9,0.01,4933.86
2024-12-26,T-shirts,West,VIP,15,37.44,0.05,533.52
2024-04-15,T-shirts,East,VIP,41,87.4,0.29,2544.21
2024-10-11,Jeans,West,VIP,67,166.82,0.28,8047.4
2024-05-10,Jeans,North,VIP,1,102.49,0.06,96.34
2024-08-29,Jeans,North,VIP,1,109.07,0.04,104.71
2024-03-15,Dresses,West,Regular,96,32.21,0.24,2350.04
2024-05-17,Jeans,West,VIP,24,133.98,0.24,2443.8
2024-10-28,Jeans,South,Regular,67,118.97,0.09,7253.6
2024-05-18,Dresses,South,VIP,9,118.32,0.02,1043.58
2024-12-26,Jeans,North,Regular,100,162.5,0.17,13487.5
2024-10-07,Dresses,West,VIP,46,175.17,0.25,6043.36
2024-11-05,Dresses,East,Regular,21,95.56,0.06,1886.35
2024-06-26,Accessories,South,Regular,8,97.74,0.02,766.28
2024-04-13,Jeans,East,Regular,57,197.06,0.0,11232.42
2024-11-10,T-shirts,South,Regular,36,107.56,0.15,3291.34
2024-12-27,Jeans,West,VIP,67,119.28,0.06,7512.25
2024-04-09,Dresses,South,VIP,6,150.81,0.24,687.69
2024-12-15,Jeans,South,Regular,91,86.93,0.27,5774.76
2024-09-19,T-shirts,West,VIP,68,83.87,0.13,4961.75
2024-06-29,T-shirts,West,Regular,69,193.52,0.27,9747.6
2024-07-31,Jeans,East,VIP,94,193.74,0.08,16754.64
2024-12-11,Accessories,South,VIP,89,171.62,0.07,14204.99
2024-08-29,Jeans,East,VIP,23,37.15,0.06,803.18
2024-03-09,Accessories,South,Regular,49,67.87,0.22,2593.99
2024-06-10,Accessories,East,VIP,79,64.64,0.25,3829.92
2024-11-16,Jeans,South,Regular,36,165.26,0.15,5056.96
2024-05-09,Dresses,North,Regular,92,70.94,0.14,5612.77
2024-04-20,Jeans,West,Regular,85,33.75,0.06,2696.62
2024-07-16,Dresses,West,Regular,86,129.72,0.12,9817.21
2024-05-26,Dresses,East,VIP,22,6.59,0.23,111.63
2024-12-30,T-shirts,East,VIP,64,133.95,0.12,7544.06
2024-10-24,Dresses,North,Regular,50,17.51,0.14,752.93
2024-10-05,Accessories,East,VIP,15,49.13,0.04,707.47
2024-02-05,Accessories,South,VIP,62,128.35,0.16,6684.47
2024-10-24,Dresses,South,Regular,53,34.88,0.09,1682.26
2024-07-02,Accessories,North,VIP,8,147.04,0.21,929.29
2024-05-08,Jeans,North,Regular,52,121.86,0.22,4942.64
2024-05-14,Accessories,North,VIP,62,14.65,0.13,790.22
2024-02-08,Accessories,East,VIP,73,70.92,0.11,4607.67
2024-11-22,Accessories,North,Regular,51,52.93,0.22,2105.56
2024-03-26,Jeans,South,Regular,81,196.88,0.24,12119.93
2024-05-29,T-shirts,West,VIP,41,89.26,0.14,3147.31
2024-11-14,Jeans,West,Regular,86,163.69,0.29,9994.91
2024-03-13,Dresses,South,Regular,53,103.46,0.25,4112.54
2024-09-23,Jeans,East,Regular,20,188.55,0.29,2677.41
2024-07-01,Jeans,East,VIP,39,192.2,0.01,7420.84
2024-05-26,T-shirts,North,VIP,82,51.43,0.01,4175.09
2024-04-18,Dresses,East,VIP,83,124.17,0.13,8966.32
2024-08-04,T-shirts,North,VIP,22,59.13,0.2,1040.69
2024-09-02,Jeans,East,VIP,39,62.12,0.14,2083.5
2024-07-04,T-shirts,South,VIP,53,44.97,0.13,2073.57
2024-01-07,Dresses,West,VIP,76,97.7,0.07,6905.44
2024-11-20,T-shirts,East,VIP,2,182.47,0.02,357.64
2024-08-24,Accessories,North,VIP,41,183.07,0.26,5554.34
2024-11-07,Jeans,East,Regular,8,101.88,0.04,782.44
2024-08-16,Accessories,South,VIP,28,107.28,0.23,2312.96
2024-02-03,T-shirts,South,Regular,38,56.55,0.29,1525.72
2024-05-19,Accessories,West,VIP,21,182.83,0.1,3455.49
2024-08-28,T-shirts,South,Regular,94,100.69,0.13,8234.43
2024-10-20,Accessories,South,Regular,63,116.24,0.19,5931.73
2024-01-31,T-shirts,South,Regular,55,120.59,0.02,6499.8
2024-08-11,Jeans,North,VIP,95,125.26,0.17,9876.75
2024-08-10,T-shirts,East,Regular,66,53.22,0.24,2669.52
2024-05-27,Dresses,West,Regular,33,75.27,0.02,2434.23
2024-01-31,Accessories,South,VIP,65,63.95,0.25,3117.56
2024-01-16,T-shirts,South,VIP,98,67.57,0.03,6423.2
2024-05-20,Dresses,West,VIP,16,168.85,0.28,1945.15
2024-08-13,Jeans,South,Regular,27,143.89,0.09,3535.38
2024-03-02,Dresses,North,VIP,99,63.86,0.19,5120.93
2024-04-30,Jeans,West,VIP,20,198.75,0.15,3378.75
2024-02-06,Accessories,South,Regular,34,73.06,0.2,1987.23
2024-04-19,Jeans,West,VIP,87,106.29,0.03,8969.81
2024-12-21,T-shirts,East,VIP,86,79.52,0.21,5402.59
2024-03-26,T-shirts,South,Regular,59,6.04,0.21,281.52
2024-03-18,Jeans,North,Regular,63,143.24,0.04,8663.16
2024-05-09,Jeans,South,Regular,6,136.39,0.29,581.02
2024-06-28,Jeans,West,VIP,20,44.59,0.0,891.8
2024-05-23,T-shirts,East,Regular,3,161.33,0.14,416.23
2024-03-08,Dresses,South,Regular,11,145.65,0.29,1137.53
2024-04-11,Dresses,North,VIP,78,106.54,0.27,6066.39
2024-09-29,Dresses,South,Regular,84,178.4,0.02,14685.89
2024-10-21,Accessories,East,Regular,92,71.92,0.29,4697.81
2024-02-18,Accessories,West,VIP,92,149.3,0.28,9889.63
2024-07-29,T-shirts,East,Regular,44,132.16,0.29,4128.68
2024-12-14,Dresses,North,Regular,9,10.34,0.17,77.24
2024-04-07,T-shirts,East,Regular,59,39.01,0.01,2278.57
2024-10-08,Jeans,South,VIP,43,155.93,0.03,6503.84
2024-12-06,Dresses,East,Regular,93,91.29,0.09,7725.87
2024-12-26,T-shirts,West,VIP,2,60.1,0.3,84.14
2024-08-24,Jeans,North,Regular,41,76.91,0.25,2364.98
2024-11-02,Jeans,West,VIP,57,46.77,0.06,2505.94
2024-04-01,Jeans,East,VIP,76,28.49,0.16,1818.8
2024-02-23,Dresses,North,Regular,56,74.69,0.27,3053.33
2024-09-14,Jeans,North,VIP,70,36.2,0.14,2179.24
2024-04-12,Dresses,East,Regular,8,164.78,0.13,1146.87
2024-06-04,T-shirts,South,VIP,33,172.06,0.01,5621.2
2024-06-23,T-shirts,East,VIP,62,124.96,0.03,7515.09
2024-01-09,Jeans,West,VIP,7,42.96,0.13,261.63
2024-08-03,T-shirts,East,Regular,64,174.46,0.25,8374.08
2024-08-10,Jeans,West,VIP,60,166.47,0.21,7890.68
2024-02-26,Dresses,North,VIP,19,98.1,0.0,1863.9
2024-10-16,T-shirts,East,Regular,71,140.03,0.11,8848.5
2024-04-03,Accessories,North,VIP,19,19.32,0.21,289.99
2024-02-07,Accessories,West,VIP,95,149.68,0.09,12939.84
2024-05-03,Dresses,West,VIP,72,94.83,0.02,6691.2
2024-06-01,T-shirts,South,VIP,46,22.25,0.21,808.56
2024-01-26,T-shirts,North,Regular,47,104.77,0.03,4776.46
2024-07-17,Jeans,West,Regular,56,135.69,0.2,6078.91
2024-01-11,Jeans,East,Regular,23,82.17,0.22,1474.13
2024-12-27,Dresses,West,VIP,75,53.14,0.3,2789.85
2024-05-01,Dresses,West,VIP,81,112.19,0.16,7633.41
2024-07-26,Dresses,East,VIP,6,50.28,0.28,217.21
2024-02-20,Accessories,East,Regular,21,184.15,0.29,2745.68
2024-11-26,Dresses,West,Regular,86,26.75,0.05,2185.48
2024-10-22,Accessories,West,VIP,15,198.56,0.25,2233.8
2024-02-18,Dresses,North,VIP,50,117.33,0.24,4458.54
2024-11-04,T-shirts,North,Regular,91,183.39,0.22,13017.02
2024-10-06,Dresses,North,Regular,66,162.4,0.26,7931.62
2024-05-12,T-shirts,South,Regular,72,144.42,0.24,7902.66
2024-10-04,Jeans,North,VIP,63,20.99,0.0,1322.37
2024-01-22,Dresses,East,VIP,6,92.93,0.07,518.55
2024-07-26,Accessories,North,Regular,10,66.21,0.28,476.71
2024-10-17,T-shirts,South,Regular,28,82.92,0.02,2275.32
2024-04-29,Accessories,South,VIP,56,75.27,0.29,2992.74
2024-05-01,Dresses,East,VIP,2,170.43,0.28,245.42
2024-03-15,Dresses,South,VIP,68,75.11,0.19,4137.06
2024-02-27,Jeans,East,VIP,56,36.27,0.03,1970.19
2024-03-03,Dresses,East,VIP,71,22.17,0.23,1212.03
2024-09-01,T-shirts,North,Regular,12,145.49,0.15,1484.0
2024-03-31,Dresses,East,Regular,67,144.83,0.02,9509.54
2024-02-29,T-shirts,East,Regular,10,173.51,0.01,1717.75
2024-07-26,Dresses,North,Regular,81,60.81,0.28,3546.44
2024-06-24,Jeans,South,Regular,33,65.98,0.3,1524.14
2024-03-10,Dresses,South,VIP,1,108.59,0.15,92.3
2024-05-18,Jeans,East,Regular,23,93.35,0.3,1502.93
2024-12-03,Accessories,West,VIP,60,166.53,0.23,7693.69
2024-04-05,Dresses,East,Regular,11,112.33,0.1,1112.07
2024-01-12,T-shirts,East,VIP,43,23.4,0.26,744.59
2024-08-21,Jeans,West,VIP,90,13.16,0.11,1054.12
2024-01-20,Jeans,North,Regular,62,152.71,0.11,8426.54
2024-07-22,Dresses,North,Regular,60,141.95,0.12,7494.96
2024-01-02,Accessories,East,Regular,24,172.26,0.01,4092.9
2024-07-24,Jeans,North,VIP,96,149.51,0.28,10334.13
2024-03-14,T-shirts,North,VIP,88,50.69,0.28,3211.72
2024-09-04,Dresses,West,VIP,49,28.72,0.12,1238.41
2024-05-01,T-shirts,East,Regular,85,128.82,0.0,10949.7
2024-05-21,Dresses,West,VIP,21,58.36,0.29,870.15
2024-08-06,T-shirts,North,VIP,99,90.78,0.14,7729.01
2024-05-17,Dresses,South,Regular,22,71.02,0.23,1203.08
2024-04-21,Accessories,North,VIP,24,189.22,0.06,4268.8
2024-03-16,Dresses,South,Regular,25,36.26,0.13,788.66
2024-06-11,T-shirts,East,VIP,32,115.34,0.24,2805.07
2024-05-03,Jeans,East,VIP,24,58.42,0.25,1051.56
2024-02-22,Accessories,East,VIP,67,137.72,0.27,6735.89
2024-09-05,Jeans,West,Regular,43,131.21,0.01,5585.61
2024-02-19,Jeans,East,VIP,5,186.44,0.1,838.98
2024-05-06,Accessories,West,VIP,65,33.32,0.09,1970.88
2024-06-05,Accessories,West,Regular,90,142.66,0.27,9372.76
2024-02-29,Accessories,North,Regular,3,89.12,0.15,227.26
2024-10-12,Jeans,West,Regular,9,175.71,0.02,1549.76
2024-05-22,Dresses,North,Regular,37,38.7,0.15,1217.12
2024-03-28,Accessories,West,VIP,7,61.49,0.05,408.91
2024-08-06,Jeans,South,VIP,57,60.79,0.25,2598.77
2024-01-27,Jeans,East,VIP,99,171.46,0.09,15446.83
2024-03-28,Dresses,East,VIP,20,161.18,0.11,2869.0
2024-05-27,Jeans,West,VIP,88,164.22,0.28,10404.98
2024-03-19,Accessories,East,VIP,65,105.7,0.1,6183.45
2024-02-04,Dresses,West,Regular,60,198.12,0.13,10341.86
2024-12-18,Accessories,South,Regular,24,43.36,0.25,780.48
2024-07-20,Accessories,South,VIP,66,163.22,0.12,9479.82
2024-08-05,Dresses,North,Regular,44,159.52,0.18,5755.48
2024-07-25,Jeans,West,VIP,89,134.3,0.09,10876.96
2024-11-30,T-shirts,North,Regular,79,42.08,0.06,3124.86
2024-07-15,Jeans,East,VIP,83,12.04,0.13,869.41
2024-09-12,T-shirts,North,VIP,23,23.43,0.23,414.95
2024-09-10,T-shirts,East,VIP,68,18.62,0.02,1240.84
2024-11-05,Jeans,South,Regular,39,139.13,0.21,4286.6
2024-03-24,Jeans,North,VIP,38,101.18,0.27,2806.73
2024-03-06,T-shirts,South,VIP,8,48.07,0.03,373.02
2024-04-12,T-shirts,East,Regular,27,147.68,0.04,3827.87
2024-06-26,Jeans,West,VIP,77,171.74,0.05,12562.78
2024-02-13,Accessories,South,VIP,24,165.08,0.1,3565.73
2024-04-09,T-shirts,West,VIP,72,93.86,0.02,6622.76
2024-06-17,Jeans,South,Regular,37,156.43,0.08,5324.88
2024-09-05,Jeans,East,VIP,2,193.13,0.23,297.42
2024-11-10,Jeans,East,Regular,78,31.4,0.1,2204.28
2024-07-27,Dresses,West,Regular,72,125.7,0.24,6878.3
2024-09-07,Jeans,North,VIP,3,83.64,0.13,218.3
2024-01-03,Jeans,West,Regular,23,24.67,0.08,522.02
2024-07-11,Jeans,North,Regular,14,102.12,0.09,1301.01
2024-08-09,Accessories,East,VIP,55,133.25,0.12,6449.3
2024-06-15,Accessories,North,Regular,18,157.9,0.28,2046.38
2024-08-04,T-shirts,East,VIP,14,103.46,0.24,1100.81
2024-03-02,Accessories,South,VIP,15,164.51,0.17,2048.15
2024-07-21,Jeans,South,Regular,46,28.29,0.12,1145.18
2024-02-12,Dresses,East,VIP,33,48.59,0.21,1266.74
2024-05-29,T-shirts,West,VIP,25,178.67,0.03,4332.75
2024-05-23,T-shirts,East,Regular,26,193.9,0.04,4839.74
2024-03-21,Jeans,South,VIP,95,166.97,0.24,12055.23
2024-07-18,T-shirts,North,Regular,7,62.8,0.17,364.87
2024-01-08,Dresses,East,VIP,7,188.51,0.16,1108.44
2024-11-11,Dresses,West,VIP,73,133.92,0.15,8309.74
2024-06-04,T-shirts,West,Regular,8,164.14,0.11,1168.68
2024-12-28,Accessories,South,Regular,47,125.42,0.18,4833.69
2024-12-08,Dresses,East,VIP,31,172.03,0.17,4426.33
2024-08-14,Jeans,South,Regular,29,180.32,0.18,4288.01
2024-12-29,Accessories,West,Regular,1,30.03,0.24,22.82
2024-02-23,Jeans,East,Regular,98,117.98,0.25,8671.53
2024-02-19,T-shirts,North,VIP,23,8.41,0.18,158.61
2024-04-12,Jeans,North,Regular,86,92.89,0.06,7509.23
2024-03-01,Jeans,West,VIP,49,80.37,0.12,3465.55
2024-01-04,Accessories,East,VIP,59,51.4,0.06,2850.64
2024-05-05,Jeans,West,VIP,26,199.02,0.3,3622.16
2024-01-20,Jeans,East,VIP,45,133.21,0.04,5754.67
2024-12-11,Jeans,West,Regular,78,144.1,0.21,8879.44
2024-06-23,Dresses,West,VIP,69,10.6,0.05,694.83
2024-03-18,Accessories,East,VIP,24,159.44,0.25,2869.92
2024-05-21,Dresses,North,Regular,32,116.38,0.05,3537.95
2024-02-11,Accessories,South,VIP,90,133.82,0.06,11321.17
2024-09-27,Accessories,North,Regular,13,47.09,0.09,557.07
2024-11-08,Dresses,West,VIP,54,134.51,0.22,5665.56
2024-01-25,Accessories,North,Regular,54,92.29,0.23,3837.42
2024-06-24,Dresses,West,VIP,79,168.94,0.12,11744.71
2024-04-20,T-shirts,East,Regular,48,60.48,0.19,2351.46
2024-10-01,Accessories,East,Regular,61,39.03,0.07,2214.17
2024-05-12,Accessories,North,VIP,59,121.76,0.27,5244.2
2024-03-26,Jeans,North,VIP,20,33.76,0.03,654.94
2024-01-01,Accessories,East,Regular,65,9.64,0.13,545.14
2024-05-01,Accessories,North,Regular,50,143.12,0.11,6368.84
2024-09-02,T-shirts,South,VIP,41,58.5,0.21,1894.82
2024-06-24,Dresses,South,VIP,73,132.34,0.22,7535.44
2024-10-22,T-shirts,East,VIP,96,191.84,0.04,17679.97
2024-07-10,Dresses,North,VIP,51,71.87,0.22,2858.99
2024-12-19,Jeans,North,VIP,9,169.08,0.11,1354.33
2024-05-18,Accessories,West,VIP,54,41.43,0.1,2013.5
2024-01-05,T-shirts,East,VIP,43,6.2,0.03,258.6
2024-03-15,Jeans,North,VIP,88,153.37,0.07,12551.8
2024-12-07,Accessories,West,Regular,37,79.29,0.27,2141.62
2024-02-23,Dresses,North,Regular,58,188.36,0.01,10815.63
2024-11-23,T-shirts,East,VIP,50,47.05,0.23,1811.42
2024-05-07,Accessories,North,VIP,62,107.49,0.19,5398.15
2024-11-01,Jeans,East,Regular,32,36.98,0.23,911.19
2024-03-05,Dresses,North,VIP,15,164.02,0.11,2189.67
2024-10-07,Jeans,East,VIP,6,41.39,0.23,191.22
2024-01-29,Jeans,East,VIP,50,114.42,0.18,4691.22
2024-12-19,T-shirts,East,VIP,59,190.58,0.05,10682.01
2024-03-14,Jeans,West,Regular,14,89.71,0.27,916.84
2024-01-15,Jeans,South,Regular,50,198.38,0.0,9919.0
2024-05-19,Accessories,North,Regular,100,184.71,0.29,13114.41
2024-06-05,Jeans,South,VIP,49,99.28,0.25,3648.54
2024-04-20,Jeans,South,Regular,11,157.49,0.09,1576.47
2024-03-06,Dresses,East,VIP,1,177.44,0.18,145.5
2024-05-15,Accessories,West,Regular,88,91.75,0.11,7185.86
2024-04-12,Jeans,East,Regular,41,175.11,0.11,6389.76
2024-09-03,Jeans,North,Regular,55,28.58,0.23,1210.36
2024-05-04,Accessories,South,Regular,3,8.39,0.2,20.14
2024-11-13,T-shirts,East,Regular,50,147.74,0.18,6057.34
2024-12-05,T-shirts,East,Regular,69,54.76,0.08,3476.16
2024-02-24,T-shirts,West,Regular,72,42.34,0.03,2957.03
2024-06-10,Dresses,West,Regular,50,8.35,0.21,329.82
2024-12-05,Jeans,South,VIP,62,158.24,0.3,6867.62
2024-11-14,Dresses,North,VIP,69,136.62,0.21,7447.16
2024-12-31,T-shirts,North,Regular,42,199.85,0.05,7974.01
2024-05-13,Dresses,East,VIP,37,173.1,0.13,5572.09
2024-01-16,Accessories,East,Regular,85,80.29,0.06,6415.17
2024-10-02,Accessories,West,VIP,20,63.7,0.02,1248.52
2024-10-14,Accessories,West,Regular,29,49.52,0.14,1235.03
2024-06-13,Dresses,West,VIP,97,176.01,0.11,15194.94
2024-11-23,T-shirts,South,Regular,98,187.27,0.22,14314.92
2024-04-30,Dresses,North,VIP,44,190.65,0.24,6375.34
2024-05-02,Dresses,South,Regular,12,61.77,0.29,526.28
2024-06-24,T-shirts,North,VIP,70,106.74,0.26,5529.13
2024-11-19,Jeans,East,VIP,77,124.1,0.12,8409.02
2024-05-28,T-shirts,North,Regular,5,87.01,0.08,400.25
2024-12-05,Accessories,South,Regular,42,24.0,0.02,987.84
2024-02-19,Accessories,West,VIP,62,143.7,0.28,6414.77
2024-12-09,Accessories,East,VIP,21,158.79,0.07,3101.17
2024-12-12,Jeans,South,VIP,46,193.59,0.18,7302.21
2024-06-06,T-shirts,North,Regular,90,189.72,0.15,14513.58
2024-12-23,Jeans,West,VIP,38,32.73,0.28,895.49
2024-03-31,Accessories,North,VIP,62,181.64,0.3,7883.18
2024-04-24,Dresses,East,VIP,64,178.82,0.02,11215.59
2024-10-24,Dresses,East,Regular,52,122.68,0.16,5358.66
2024-01-20,Accessories,East,Regular,92,77.26,0.15,6041.73
2024-11-01,Jeans,North,VIP,43,38.07,0.11,1456.94
2024-03-12,T-shirts,West,Regular,2,26.35,0.15,44.8
2024-10-28,Dresses,East,Regular,82,122.5,0.0,10045.0
2024-12-18,Jeans,North,VIP,52,166.73,0.18,7109.37
2024-07-30,Accessories,East,Regular,36,77.02,0.1,2495.45
2024-11-08,Accessories,West,Regular,23,45.74,0.01,1041.5
2024-08-08,Jeans,North,VIP,78,24.16,0.01,1865.64
2024-03-25,T-shirts,North,Regular,57,70.88,0.06,3797.75
2024-03-06,Jeans,South,Regular,95,112.05,0.26,7877.12
2024-03-31,Dresses,East,Regular,68,114.23,0.13,6757.85
2024-08-23,Dresses,North,Regular,39,109.03,0.02,4167.13
2024-09-24,Jeans,South,VIP,62,121.91,0.14,6500.24
2024-08-26,Accessories,East,VIP,40,157.77,0.24,4796.21
2024-10-28,Dresses,West,Regular,92,126.46,0.16,9772.83
2024-08-22,Accessories,North,VIP,14,95.12,0.1,1198.51
2024-04-14,T-shirts,South,Regular,81,142.02,0.2,9202.9
2024-12-31,Jeans,West,VIP,38,110.12,0.19,3389.49
2024-12-21,Dresses,South,VIP,6,19.63,0.23,90.69
2024-05-27,Dresses,West,VIP,30,134.31,0.15,3424.9
2024-07-01,Jeans,North,VIP,31,189.36,0.28,4226.52
2024-07-05,T-shirts,North,Regular,62,176.16,0.07,10157.39
2024-04-29,Dresses,South,VIP,83,25.72,0.02,2092.06
2024-08-04,Dresses,North,Regular,23,128.11,0.08,2710.81
2024-06-12,Dresses,East,VIP,80,123.55,0.24,7511.84
2024-09-15,Accessories,South,Regular,48,192.26,0.19,7475.07
2024-10-29,Jeans,South,Regular,46,131.12,0.26,4463.32
2024-08-07,Accessories,North,Regular,86,164.07,0.21,11146.92
2024-06-05,Dresses,South,VIP,44,37.63,0.24,1258.35
2024-12-21,Accessories,East,VIP,43,137.68,0.04,5683.43
2024-08-16,Dresses,West,Regular,39,58.81,0.12,2018.36
2024-08-17,Jeans,North,Regular,69,13.47,0.22,724.96
2024-09-05,Accessories,South,VIP,18,86.02,0.08,1424.49
2024-10-20,Accessories,West,VIP,98,63.16,0.11,5508.82
2024-10-09,Dresses,East,Regular,99,71.59,0.3,4961.19
2024-03-05,Accessories,South,VIP,48,80.66,0.29,2748.89
2024-03-14,Accessories,North,VIP,67,132.63,0.1,7997.59
2024-11-11,Accessories,West,Regular,75,61.36,0.12,4049.76
2024-07-20,Dresses,West,VIP,66,61.32,0.15,3440.05
2024-11-12,T-shirts,North,Regular,26,20.74,0.27,393.65
2024-09-13,Dresses,West,Regular,85,103.08,0.18,7184.68
2024-06-08,Accessories,South,Regular,29,156.96,0.06,4278.73
2024-04-12,Accessories,North,Regular,85,130.64,0.13,9660.83
2024-03-18,Accessories,West,VIP,35,167.03,0.18,4793.76
2024-07-03,Accessories,East,Regular,47,194.32,0.01,9041.71
2024-05-08,T-shirts,East,Regular,50,123.57,0.1,5560.65
2024-01-06,T-shirts,West,VIP,61,187.77,0.24,8705.02
2024-05-04,T-shirts,East,VIP,77,196.82,0.05,14397.38
2024-12-28,Jeans,North,VIP,69,108.69,0.05,7124.63
2024-02-05,Jeans,South,VIP,96,65.98,0.06,5954.04
2024-05-30,T-shirts,South,Regular,32,197.87,0.14,5445.38
2024-07-31,Jeans,North,Regular,49,46.21,0.15,1924.65
2024-06-24,Jeans,North,VIP,73,39.32,0.12,2525.92
2024-05-05,Dresses,East,VIP,48,109.94,0.28,3799.53
2024-11-09,Dresses,East,Regular,53,75.51,0.17,3321.68
2024-05-17,T-shirts,West,Regular,12,74.55,0.25,670.95
2024-12-10,T-shirts,West,VIP,12,118.14,0.16,1190.85
2024-02-24,T-shirts,South,Regular,96,138.32,0.01,13145.93
2024-03-19,T-shirts,South,VIP,19,86.76,0.16,1384.69
2024-05-31,Jeans,West,VIP,15,64.89,0.18,798.15
2024-04-10,Dresses,East,VIP,99,191.57,0.04,18206.81
2024-08-23,Accessories,East,Regular,17,156.23,0.2,2124.73
2024-02-28,Accessories,East,VIP,35,60.06,0.1,1891.89
